2025-06-30 23:02:04,https://www.google.com/search?q=youtube
2025-06-30 23:02:04,https://www.google.com/search?q=youtube&sei=S_tiaP6LFNSIkdUPmavF8Qg
2025-06-30 23:03:32,https://www.google.com/webhp
2025-06-30 23:06:49,https://www.google.com/search?q=dfqzdd
2025-06-30 23:06:49,https://www.google.com/search?q=dfqzdd&sei=Z_xiaLvkIsKrkdUPitLYsQw
2025-07-01 01:01:00,https://www.google.com/search?q=wilrakov
2025-07-01 01:01:00,https://www.google.com/search?q=wilrakov&sei=LBdjaKX9FfmIkdUPyamOkQU
2025-07-01 01:17:42,https://www.google.com/search?q=Salut
2025-07-01 01:17:59,http:Wesh ça va ?
2025-07-01 01:17:59,http:Wesh ça va ?
2025-07-01 01:17:59,about:blank
2025-07-01 01:17:59,
2025-07-01 01:18:14,http:google.com
2025-07-01 01:18:14,http:google.com
2025-07-01 01:18:14,https://www.google.com/
2025-07-01 01:18:36,https://cedzee-browser-contributors.vercel.app/
2025-07-01 01:29:55,https://cedzee-browser-contributors.vercel.app/
2025-07-01 01:35:25,http:freepascal.vercel.app
2025-07-01 01:35:25,http:freepascal.vercel.app
2025-07-01 01:35:26,https://freepascal.vercel.app/
2025-07-01 01:36:46,https://freepascal.vercel.app/#features
2025-07-01 01:36:48,https://freepascal.vercel.app/#download
2025-07-01 01:40:20,https://www.google.com/search?q=freepascal vercel
2025-07-01 01:40:20,https://www.google.com/search?q=freepascal vercel&sei=ZCBjaIWJHO-ZkdUP4JHoaQ
2025-07-01 01:40:58,http:chatlibre.vercel.app
2025-07-01 01:40:58,http:chatlibre.vercel.app
2025-07-01 01:40:59,https://chatlibre.vercel.app/
2025-07-01 01:42:11,https://chatlibre.vercel.app/#features
2025-07-01 01:42:26,https://chatlibre.vercel.app/#features
2025-07-01 01:42:26,https://chatlibre.vercel.app/#features
2025-07-01 01:45:26,http:bie
2025-07-01 01:45:26,http:bie
2025-07-01 01:45:26,http://bie/
2025-07-01 02:07:25,https://www.google.com/search?q=github
2025-07-01 02:07:25,https://www.google.com/search?q=github&sei=vSZjaNSzIpmakdUPt4ScUQ
2025-07-01 02:07:30,https://github.com/
2025-07-01 02:07:38,https://github.com/wilrakov
2025-07-01 02:07:38,https://github.com/wilrakov
2025-07-01 02:11:29,http:freepascal.vercel.app
2025-07-01 02:11:29,http:freepascal.vercel.app
2025-07-01 02:11:29,https://freepascal.vercel.app/
2025-07-01 02:13:28,https://chatlibre.vercel.app
2025-07-01 02:13:28,https://chatlibre.vercel.app
2025-07-01 02:13:29,https://chatlibre.vercel.app/
2025-07-01 02:15:13,https://cedzee-browser-contributors.vercel.app/
2025-07-01 02:16:09,https://www.google.com/search?q=test
2025-07-01 02:16:09,https://www.google.com/search?q=test&sei=yShjaM6kEu-nkdUPspeLoA8
2025-07-01 02:16:54,https://www.google.com/preferences?lang=1&hl=nl&prev=https://www.google.com/search%3Fq%3Dtest%26sei%3DyShjaM6kEu-nkdUPspeLoA8#languages
2025-07-01 02:17:00,https://www.google.com/preferences?lang=1&prev=https://www.google.com/search%3Fq%3Dtest%26sei%3DyShjaM6kEu-nkdUPspeLoA8#languages=
2025-07-01 02:17:30,http:google.com
2025-07-01 02:17:30,http:google.com
2025-07-01 02:17:30,https://www.google.com/
2025-07-01 02:17:46,https://www.google.com/search?q=Il+y+a+encore+beaucoup+trop+de+problème&sca_esv=b903d8c1555ec226&source=hp&ei=GiljaJCtIrfY7M8PpPrf2QY&iflsig=AOw8s4IAAAAAaGM3KjoETFyKLuncZsRmIjQ5VQ9T7W_V&ved=0ahUKEwiQosaPsZqOAxU3LPsDHST9N2sQ4dUDCA8&uact=5&oq=Il+y+a+encore+beaucoup+trop+de+problème&gs_lp=Egdnd3Mtd2l6IihJbCB5IGEgZW5jb3JlIGJlYXVjb3VwIHRyb3AgZGUgcHJvYmzDqG1lMgUQIRigAUjdRFD2BViFQ3AFeACQAQCYAWagAagUqgEENDIuMbgBA8gBAPgBAZgCL6AC_haoAgrCAgoQLhgDGOoCGI8BwgIKEAAYAxjqAhiPAcICERAuGIAEGLEDGNEDGIMBGMcBwgIOEC4YgAQYsQMY0QMYxwHCAgsQABiABBixAxiDAcICCBAAGIAEGLEDwgIOEC4YgAQYsQMYgwEYigXCAgUQABiABMICCxAuGIAEGLEDGIMBwgIIEC4YgAQYsQPCAgUQLhiABMICCxAuGIAEGMcBGK8BwgIOEAAYgAQYsQMYgwEYigXCAgQQABgDwgIGEAAYFhgewgIIEAAYFhgKGB7CAgUQABjvBcICCBAAGKIEGIkFwgIIEAAYgAQYogTCAgYQABgNGB7CAgQQIRgVwgIHECEYoAEYCpgDEfEFxdRBMLseYniSBwQ0Ni4xoAfZ2QKyBwQ0MS4xuAfQFsIHCTAuNy4xNS4yNcgH4AI&sclient=gws-wiz
2025-07-01 10:01:43,http:google.com
2025-07-01 10:01:43,http:google.com
2025-07-01 10:01:43,https://www.google.com/?gws_rd=ssl
2025-07-01 10:01:53,https://www.google.com/search?q=dark+mode+in+css&sca_esv=32f9ae821a1b1a5d&source=hp&ei=55VjaMrfLanrkdUPwILPyAw&iflsig=AOw8s4IAAAAAaGOj9z5hhxl_CbERWTBEK25lbtPdD-yN&ved=0ahUKEwiK7_3wmJuOAxWpdaQEHUDBE8kQ4dUDCA8&uact=5&oq=dark+mode+in+css&gs_lp=Egdnd3Mtd2l6IhBkYXJrIG1vZGUgaW4gY3NzMgcQABiABBgTMggQABgTGBYYHjIIEAAYExgWGB4yChAAGBMYFhgKGB4yChAAGBMYFhgKGB4yCBAAGBMYFhgeMggQABgTGBYYHjIIEAAYExgWGB4yCBAAGBMYFhgeMggQABgTGBYYHkjoMVCsD1iGMXADeACQAQCYAVqgAZgIqgECMTi4AQPIAQD4AQGYAhWgAvsJqAIKwgIKEAAYAxjqAhiPAcICChAuGAMY6gIYjwHCAhEQLhiABBixAxjRAxiDARjHAcICCxAAGIAEGLEDGIMBwgIOEC4YgAQYsQMY0QMYxwHCAggQABiABBixA8ICBRAuGIAEwgIIEC4YgAQY1ALCAggQLhiABBixA8ICBRAAGIAEwgIOEC4YgAQYsQMYgwEYigXCAgsQLhiABBixAxiDAcICBBAAGAPCAhEQLhiABBixAxiDARjHARivAcICCxAuGIAEGMcBGK8BwgIHEAAYgAQYCsICBhAAGBYYHpgDHPEFLklKeNsRwkKSBwQyMC4xoAeqogGyBwQxNy4xuAfRCcIHCDItNy4xMy4xyAfJAQ&sclient=gws-wiz
2025-07-01 10:01:54,https://www.google.com/search?q=dark+mode+in+css&sca_esv=32f9ae821a1b1a5d&source=hp&ei=55VjaMrfLanrkdUPwILPyAw&iflsig=AOw8s4IAAAAAaGOj9z5hhxl_CbERWTBEK25lbtPdD-yN&ved=0ahUKEwiK7_3wmJuOAxWpdaQEHUDBE8kQ4dUDCA8&uact=5&oq=dark+mode+in+css&gs_lp=Egdnd3Mtd2l6IhBkYXJrIG1vZGUgaW4gY3NzMgcQABiABBgTMggQABgTGBYYHjIIEAAYExgWGB4yChAAGBMYFhgKGB4yChAAGBMYFhgKGB4yCBAAGBMYFhgeMggQABgTGBYYHjIIEAAYExgWGB4yCBAAGBMYFhgeMggQABgTGBYYHkjoMVCsD1iGMXADeACQAQCYAVqgAZgIqgECMTi4AQPIAQD4AQGYAhWgAvsJqAIKwgIKEAAYAxjqAhiPAcICChAuGAMY6gIYjwHCAhEQLhiABBixAxjRAxiDARjHAcICCxAAGIAEGLEDGIMBwgIOEC4YgAQYsQMY0QMYxwHCAggQABiABBixA8ICBRAuGIAEwgIIEC4YgAQY1ALCAggQLhiABBixA8ICBRAAGIAEwgIOEC4YgAQYsQMYgwEYigXCAgsQLhiABBixAxiDAcICBBAAGAPCAhEQLhiABBixAxiDARjHARivAcICCxAuGIAEGMcBGK8BwgIHEAAYgAQYCsICBhAAGBYYHpgDHPEFLklKeNsRwkKSBwQyMC4xoAeqogGyBwQxNy4xuAfRCcIHCDItNy4xMy4xyAfJAQ&sclient=gws-wiz&sei=8ZVjaJujOdOYkdUPpPSl-AM
2025-07-01 10:01:57,https://www.google.com/search?sca_esv=32f9ae821a1b1a5d&q=dark+mode+in+css&udm=2&fbs=AIIjpHw2KGh6wpocn18KLjPMw8n5ofjZQFej7XxDpLEwzn5636jPhZQ2SCHYNZOTHhCqX-lIANdm34OLsXpljMXvur-qOVxvA3NXiaKxlYQy-RRiasLGkzd4zqCUc8t8vI2F-h1nJA1utTYvqu2kpTmHUtQ7kaUGVvJcbPCfc9Trwsl4hdZsOuhb1DwK7z1ZfvqQTYc6nJeD&sa=X&ved=2ahUKEwiMtPv1mJuOAxXFRaQEHQutJvQQtKgLKAF6BAgVEAE&biw=990&bih=755&dpr=1
2025-07-01 10:02:04,https://www.google.com/search?sca_esv=32f9ae821a1b1a5d&q=dark+mode+in+css&udm=2&fbs=AIIjpHw2KGh6wpocn18KLjPMw8n5ofjZQFej7XxDpLEwzn5636jPhZQ2SCHYNZOTHhCqX-lIANdm34OLsXpljMXvur-qOVxvA3NXiaKxlYQy-RRiasLGkzd4zqCUc8t8vI2F-h1nJA1utTYvqu2kpTmHUtQ7kaUGVvJcbPCfc9Trwsl4hdZsOuhb1DwK7z1ZfvqQTYc6nJeD&sa=X&ved=2ahUKEwiMtPv1mJuOAxXFRaQEHQutJvQQtKgLKAF6BAgVEAE&biw=990&bih=755&dpr=1#vhid=K1KWHviZAZBFRM&vssid=mosaic
2025-07-01 10:02:09,https://www.google.com/search?sca_esv=32f9ae821a1b1a5d&q=dark+mode+in+css&udm=2&fbs=AIIjpHw2KGh6wpocn18KLjPMw8n5ofjZQFej7XxDpLEwzn5636jPhZQ2SCHYNZOTHhCqX-lIANdm34OLsXpljMXvur-qOVxvA3NXiaKxlYQy-RRiasLGkzd4zqCUc8t8vI2F-h1nJA1utTYvqu2kpTmHUtQ7kaUGVvJcbPCfc9Trwsl4hdZsOuhb1DwK7z1ZfvqQTYc6nJeD&sa=X&ved=2ahUKEwiMtPv1mJuOAxXFRaQEHQutJvQQtKgLKAF6BAgVEAE&biw=990&bih=755&dpr=1#vhid=PlNrXvc2eULaeM&vssid=mosaic
2025-07-01 10:02:19,https://www.google.com/search?sca_esv=32f9ae821a1b1a5d&q=dark+mode+in+css&udm=2&fbs=AIIjpHw2KGh6wpocn18KLjPMw8n5ofjZQFej7XxDpLEwzn5636jPhZQ2SCHYNZOTHhCqX-lIANdm34OLsXpljMXvur-qOVxvA3NXiaKxlYQy-RRiasLGkzd4zqCUc8t8vI2F-h1nJA1utTYvqu2kpTmHUtQ7kaUGVvJcbPCfc9Trwsl4hdZsOuhb1DwK7z1ZfvqQTYc6nJeD&sa=X&ved=2ahUKEwiMtPv1mJuOAxXFRaQEHQutJvQQtKgLKAF6BAgVEAE&biw=990&bih=755&dpr=1#vhid=SCtDse79YaWFwM&vssid=mosaic
2025-07-01 10:02:26,https://www.google.com/search?sca_esv=32f9ae821a1b1a5d&q=dark+mode+in+css&udm=2&fbs=AIIjpHw2KGh6wpocn18KLjPMw8n5ofjZQFej7XxDpLEwzn5636jPhZQ2SCHYNZOTHhCqX-lIANdm34OLsXpljMXvur-qOVxvA3NXiaKxlYQy-RRiasLGkzd4zqCUc8t8vI2F-h1nJA1utTYvqu2kpTmHUtQ7kaUGVvJcbPCfc9Trwsl4hdZsOuhb1DwK7z1ZfvqQTYc6nJeD&sa=X&ved=2ahUKEwiMtPv1mJuOAxXFRaQEHQutJvQQtKgLKAF6BAgVEAE&biw=990&bih=755&dpr=1#vhid=T5UJORFSILd2SM&vssid=mosaic
2025-07-01 10:02:31,https://www.google.com/search?sca_esv=32f9ae821a1b1a5d&q=dark+mode+in+css&udm=2&fbs=AIIjpHw2KGh6wpocn18KLjPMw8n5ofjZQFej7XxDpLEwzn5636jPhZQ2SCHYNZOTHhCqX-lIANdm34OLsXpljMXvur-qOVxvA3NXiaKxlYQy-RRiasLGkzd4zqCUc8t8vI2F-h1nJA1utTYvqu2kpTmHUtQ7kaUGVvJcbPCfc9Trwsl4hdZsOuhb1DwK7z1ZfvqQTYc6nJeD&sa=X&ved=2ahUKEwiMtPv1mJuOAxXFRaQEHQutJvQQtKgLKAF6BAgVEAE&biw=990&bih=755&dpr=1#vhid=SCtDse79YaWFwM&vssid=mosaic
2025-07-01 10:04:49,https://freepascal.vercel.app/
2025-07-01 13:26:13,https://www.google.com/search?q=cedzee browser
2025-07-01 13:26:13,https://www.google.com/search?q=cedzee browser&sei=1cVjaJxq76aR1Q_ExcW4BQ
2025-07-01 13:26:18,https://www.google.com/search?q=cedzee browser&sei=1cVjaJxq76aR1Q_ExcW4BQ&hl=fr
2025-07-01 13:26:30,https://cedzee-dev.itch.io/
